Task,Start,Finish,Resource
Reading,01/07/24 0:00,01/07/24 0:42,Day 1
Eating,01/07/24 0:42,01/07/24 1:02,Day 1
Learning Japanese,01/07/24 1:02,01/07/24 1:44,Day 1
Exercise,01/07/24 1:44,01/07/24 2:05,Day 1
Learning Mathematics,01/07/24 2:05,01/07/24 3:44,Day 1
Work,01/07/24 3:44,01/07/24 7:24,Day 1
Sleep,01/07/24 18:00,02/07/24 0:00,Day 1
Eating,02/07/24 0:00,02/07/24 0:30,Day 2
Learning Mathematics,02/07/24 0:30,02/07/24 1:18,Day 2
Reading,02/07/24 1:18,02/07/24 2:00,Day 2
Exercise,02/07/24 2:00,02/07/24 2:21,Day 2
Learning Japanese,02/07/24 2:21,02/07/24 3:03,Day 2
Work,02/07/24 3:03,02/07/24 8:00,Day 2
Sleep,02/07/24 18:00,03/07/24 0:00,Day 2
Eating,03/07/24 0:00,03/07/24 0:20,Day 3
Learning Japanese,03/07/24 0:20,03/07/24 1:02,Day 3
Reading,03/07/24 1:02,03/07/24 1:44,Day 3
Learning Mathematics,03/07/24 1:44,03/07/24 2:26,Day 3
Work,03/07/24 2:26,03/07/24 8:26,Day 3
Exercise,03/07/24 8:26,03/07/24 8:47,Day 3
Sleep,03/07/24 18:00,04/07/24 0:00,Day 3
Eating,04/07/24 0:00,04/07/24 0:30,Day 4
Learning Japanese,04/07/24 0:30,04/07/24 1:12,Day 4
Reading,04/07/24 1:12,04/07/24 2:00,Day 4
Learning Mathematics,04/07/24 2:00,04/07/24 2:42,Day 4
Work,04/07/24 2:42,04/07/24 8:00,Day 4
Exercise,04/07/24 8:00,04/07/24 8:21,Day 4
Sleep,04/07/24 18:00,05/07/24 0:00,Day 4
Exercise,05/07/24 0:00,05/07/24 0:21,Day 5
Learning Japanese,05/07/24 0:21,05/07/24 1:03,Day 5
Reading,05/07/24 1:03,05/07/24 2:00,Day 5
Eating,05/07/24 2:00,05/07/24 2:20,Day 5
Learning Mathematics,05/07/24 2:20,05/07/24 4:00,Day 5
Work,05/07/24 4:00,05/07/24 10:00,Day 5
Sleep,05/07/24 18:00,06/07/24 0:00,Day 5
Eating,06/07/24 0:00,06/07/24 0:30,Day 6
Learning Japanese,06/07/24 0:30,06/07/24 1:12,Day 6
Reading,06/07/24 1:12,06/07/24 2:00,Day 6
Exercise,06/07/24 2:00,06/07/24 2:21,Day 6
Learning Mathematics,06/07/24 2:21,06/07/24 3:24,Day 6
Work,06/07/24 3:24,06/07/24 6:12,Day 6
Sleep,06/07/24 18:00,07/07/24 0:00,Day 6
Eating,07/07/24 0:00,07/07/24 0:30,Day 7
Learning Japanese,07/07/24 0:30,07/07/24 2:30,Day 7
Exercise,07/07/24 2:30,07/07/24 2:51,Day 7
Learning Mathematics,07/07/24 2:51,07/07/24 3:33,Day 7
Reading,07/07/24 3:33,07/07/24 4:30,Day 7
Work,07/07/24 4:30,07/07/24 8:30,Day 7
Sleep,07/07/24 18:00,08/07/24 0:00,Day 7
Eating,08/07/24 0:00,08/07/24 0:30,Day 8
Learning Japanese,08/07/24 0:30,08/07/24 1:12,Day 8
Reading,08/07/24 1:12,08/07/24 2:00,Day 8
Exercise,08/07/24 2:00,08/07/24 2:21,Day 8
Learning Mathematics,08/07/24 2:21,08/07/24 4:00,Day 8
Work,08/07/24 4:00,08/07/24 6:48,Day 8
Sleep,08/07/24 18:00,09/07/24 0:00,Day 8
Eating,09/07/24 0:00,09/07/24 0:30,Day 9
Learning Japanese,09/07/24 0:30,09/07/24 1:12,Day 9
Reading,09/07/24 1:12,09/07/24 2:00,Day 9
Exercise,09/07/24 2:00,09/07/24 2:21,Day 9
Learning Mathematics,09/07/24 2:21,09/07/24 3:12,Day 9
Work,09/07/24 3:12,09/07/24 6:00,Day 9
Sleep,09/07/24 18:00,10/07/24 0:00,Day 9
Eating,10/07/24 0:00,10/07/24 0:30,Day 10
Learning Japanese,10/07/24 0:30,10/07/24 1:12,Day 10
Reading,10/07/24 1:12,10/07/24 2:00,Day 10
Exercise,10/07/24 2:00,10/07/24 2:21,Day 10
Learning Mathematics,10/07/24 2:21,10/07/24 3:54,Day 10
Work,10/07/24 3:54,10/07/24 9:54,Day 10
Sleep,10/07/24 18:00,11/07/24 0:00,Day 10
Eating,11/07/24 0:00,11/07/24 0:30,Day 11
Learning Japanese,11/07/24 0:30,11/07/24 1:12,Day 11
Reading,11/07/24 1:12,11/07/24 2:00,Day 11
Exercise,11/07/24 2:00,11/07/24 2:21,Day 11
Learning Mathematics,11/07/24 2:21,11/07/24 3:24,Day 11
Work,11/07/24 3:24,11/07/24 6:12,Day 11
Sleep,11/07/24 18:00,12/07/24 0:00,Day 11
Exercise,12/07/24 0:00,12/07/24 0:21,Day 12
Reading,12/07/24 0:21,12/07/24 1:03,Day 12
Learning Japanese,12/07/24 1:03,12/07/24 1:45,Day 12
Eating,12/07/24 1:45,12/07/24 2:05,Day 12
Learning Mathematics,12/07/24 2:05,12/07/24 3:24,Day 12
Work,12/07/24 3:24,12/07/24 9:24,Day 12
Sleep,12/07/24 18:00,13/07/24 0:00,Day 12
Eating,13/07/24 0:00,13/07/24 0:30,Day 13
Learning Japanese,13/07/24 0:30,13/07/24 2:30,Day 13
Exercise,13/07/24 2:30,13/07/24 2:51,Day 13
Learning Mathematics,13/07/24 2:51,13/07/24 3:33,Day 13
Reading,13/07/24 3:33,13/07/24 4:30,Day 13
Work,13/07/24 4:30,13/07/24 8:30,Day 13
Sleep,13/07/24 18:00,14/07/24 0:00,Day 13
Eating,14/07/24 0:00,14/07/24 0:30,Day 14
Learning Japanese,14/07/24 0:30,14/07/24 2:30,Day 14
Exercise,14/07/24 2:30,14/07/24 2:51,Day 14
Learning Mathematics,14/07/24 2:51,14/07/24 3:33,Day 14
Reading,14/07/24 3:33,14/07/24 4:30,Day 14
Work,14/07/24 4:30,14/07/24 8:30,Day 14
Sleep,14/07/24 18:00,15/07/24 0:00,Day 14
Eating,15/07/24 0:00,15/07/24 0:30,Day 15
Reading,15/07/24 0:30,15/07/24 1:12,Day 15
Learning Japanese,15/07/24 1:12,15/07/24 1:54,Day 15
Exercise,15/07/24 1:54,15/07/24 2:15,Day 15
Learning Mathematics,15/07/24 2:15,15/07/24 3:54,Day 15
Work,15/07/24 3:54,15/07/24 7:54,Day 15
Sleep,15/07/24 18:00,16/07/24 0:00,Day 15
Eating,16/07/24 0:00,16/07/24 0:30,Day 16
Reading,16/07/24 0:30,16/07/24 1:48,Day 16
Learning Japanese,16/07/24 1:48,16/07/24 2:30,Day 16
Work,16/07/24 2:30,16/07/24 8:30,Day 16
Exercise,16/07/24 8:30,16/07/24 8:51,Day 16
Learning Mathematics,16/07/24 8:51,16/07/24 9:33,Day 16
Sleep,16/07/24 18:00,17/07/24 0:00,Day 16
Eating,17/07/24 0:00,17/07/24 0:30,Day 17
Reading,17/07/24 0:30,17/07/24 1:48,Day 17
Learning Japanese,17/07/24 1:48,17/07/24 2:30,Day 17
Exercise,17/07/24 2:30,17/07/24 2:51,Day 17
Learning Mathematics,17/07/24 2:51,17/07/24 3:33,Day 17
Work,17/07/24 3:33,17/07/24 6:30,Day 17
Sleep,17/07/24 18:00,18/07/24 0:00,Day 17
Eating,18/07/24 0:00,18/07/24 0:30,Day 18
Learning Japanese,18/07/24 0:30,18/07/24 1:12,Day 18
Reading,18/07/24 1:12,18/07/24 2:00,Day 18
Learning Mathematics,18/07/24 2:00,18/07/24 3:12,Day 18
Work,18/07/24 3:12,18/07/24 6:00,Day 18
Exercise,18/07/24 6:00,18/07/24 6:21,Day 18
Sleep,18/07/24 18:00,19/07/24 0:00,Day 18
Eating,19/07/24 0:00,19/07/24 0:30,Day 19
Learning Japanese,19/07/24 0:30,19/07/24 1:12,Day 19
Reading,19/07/24 1:12,19/07/24 2:00,Day 19
Learning Mathematics,19/07/24 2:00,19/07/24 3:24,Day 19
Exercise,19/07/24 3:24,19/07/24 3:45,Day 19
Work,19/07/24 3:45,19/07/24 9:24,Day 19
Sleep,19/07/24 18:00,20/07/24 0:00,Day 19
Eating,20/07/24 0:00,20/07/24 0:30,Day 20
Learning Japanese,20/07/24 0:30,20/07/24 1:12,Day 20
Reading,20/07/24 1:12,20/07/24 2:00,Day 20
Learning Mathematics,20/07/24 2:00,20/07/24 3:24,Day 20
Exercise,20/07/24 3:24,20/07/24 3:45,Day 20
Work,20/07/24 3:45,20/07/24 9:24,Day 20
Sleep,20/07/24 18:00,21/07/24 0:00,Day 20
Eating,21/07/24 0:00,21/07/24 0:30,Day 21
Learning Japanese,21/07/24 0:30,21/07/24 1:12,Day 21
Reading,21/07/24 1:12,21/07/24 2:00,Day 21
Learning Mathematics,21/07/24 2:00,21/07/24 3:24,Day 21
Exercise,21/07/24 3:24,21/07/24 3:45,Day 21
Work,21/07/24 3:45,21/07/24 9:24,Day 21
Sleep,21/07/24 18:00,22/07/24 0:00,Day 21
Eating,22/07/24 0:00,22/07/24 0:30,Day 22
Learning Japanese,22/07/24 0:30,22/07/24 1:12,Day 22
Reading,22/07/24 1:12,22/07/24 2:00,Day 22
Learning Mathematics,22/07/24 2:00,22/07/24 3:24,Day 22
Exercise,22/07/24 3:24,22/07/24 3:45,Day 22
Work,22/07/24 3:45,22/07/24 6:33,Day 22
Sleep,22/07/24 18:00,23/07/24 0:00,Day 22
Eating,23/07/24 0:00,23/07/24 0:30,Day 23
Learning Japanese,23/07/24 0:30,23/07/24 1:12,Day 23
Reading,23/07/24 1:12,23/07/24 2:00,Day 23
Learning Mathematics,23/07/24 2:00,23/07/24 3:24,Day 23
Exercise,23/07/24 3:24,23/07/24 3:45,Day 23
Work,23/07/24 3:45,23/07/24 6:33,Day 23
Sleep,23/07/24 18:00,24/07/24 0:00,Day 23
Eating,24/07/24 0:00,24/07/24 0:30,Day 24
Learning Japanese,24/07/24 0:30,24/07/24 1:12,Day 24
Reading,24/07/24 1:12,24/07/24 1:54,Day 24
Learning Mathematics,24/07/24 1:54,24/07/24 3:24,Day 24
Exercise,24/07/24 3:24,24/07/24 3:45,Day 24
Work,24/07/24 3:45,24/07/24 8:36,Day 24
Sleep,24/07/24 18:00,25/07/24 0:00,Day 24
Eating,25/07/24 0:00,25/07/24 0:30,Day 25
Reading,25/07/24 0:30,25/07/24 1:12,Day 25
Learning Japanese,25/07/24 1:12,25/07/24 2:30,Day 25
Work,25/07/24 2:30,25/07/24 8:30,Day 25
Exercise,25/07/24 8:30,25/07/24 8:51,Day 25
Learning Mathematics,25/07/24 8:51,25/07/24 9:33,Day 25
Sleep,25/07/24 18:00,26/07/24 0:00,Day 25
Eating,26/07/24 0:00,26/07/24 0:30,Day 26
Learning Japanese,26/07/24 0:30,26/07/24 2:30,Day 26
Learning Mathematics,26/07/24 2:30,26/07/24 3:21,Day 26
Exercise,26/07/24 3:21,26/07/24 3:42,Day 26
Reading,26/07/24 3:42,26/07/24 4:30,Day 26
Work,26/07/24 4:30,26/07/24 8:30,Day 26
Sleep,26/07/24 18:00,27/07/24 0:00,Day 26
Eating,27/07/24 0:00,27/07/24 0:30,Day 27
Learning Japanese,27/07/24 0:30,27/07/24 2:30,Day 27
Exercise,27/07/24 2:30,27/07/24 2:51,Day 27
Learning Mathematics,27/07/24 2:51,27/07/24 3:33,Day 27
Reading,27/07/24 3:33,27/07/24 4:30,Day 27
Work,27/07/24 4:30,27/07/24 8:30,Day 27
Sleep,27/07/24 18:00,28/07/24 0:00,Day 27
Eating,28/07/24 0:00,28/07/24 0:30,Day 28
Reading,28/07/24 0:30,28/07/24 1:12,Day 28
Learning Japanese,28/07/24 1:12,28/07/24 1:54,Day 28
Learning Mathematics,28/07/24 1:54,28/07/24 3:54,Day 28
Exercise,28/07/24 3:54,28/07/24 4:15,Day 28
Work,28/07/24 4:15,28/07/24 9:54,Day 28
Sleep,28/07/24 18:00,29/07/24 0:00,Day 28
Eating,29/07/24 0:00,29/07/24 0:30,Day 29
Learning Japanese,29/07/24 0:30,29/07/24 1:12,Day 29
Reading,29/07/24 1:12,29/07/24 2:00,Day 29
Learning Mathematics,29/07/24 2:00,29/07/24 3:24,Day 29
Exercise,29/07/24 3:24,29/07/24 3:45,Day 29
Work,29/07/24 3:45,29/07/24 9:24,Day 29
Sleep,29/07/24 18:00,30/07/24 0:00,Day 29
Eating,30/07/24 0:00,30/07/24 0:30,Day 30
Learning Japanese,30/07/24 0:30,30/07/24 1:12,Day 30
Reading,30/07/24 1:12,30/07/24 2:00,Day 30
Learning Mathematics,30/07/24 2:00,30/07/24 3:24,Day 30
Exercise,30/07/24 3:24,30/07/24 3:45,Day 30
Work,30/07/24 3:45,30/07/24 9:24,Day 30
Sleep,30/07/24 18:00,31/07/24 0:00,Day 30
Eating,31/07/24 0:00,31/07/24 0:30,Day 31
Learning Japanese,31/07/24 0:30,31/07/24 1:12,Day 31
Reading,31/07/24 1:12,31/07/24 2:00,Day 31
Learning Mathematics,31/07/24 2:00,31/07/24 3:24,Day 31
Exercise,31/07/24 3:24,31/07/24 3:45,Day 31
Work,31/07/24 3:45,31/07/24 9:24,Day 31
Sleep,31/07/24 18:00,01/08/24 0:00,Day 31
Eating,01/08/24 0:00,01/08/24 0:30,Day 32
Reading,01/08/24 0:30,01/08/24 1:48,Day 32
Learning Japanese,01/08/24 1:48,01/08/24 2:30,Day 32
Learning Mathematics,01/08/24 2:30,01/08/24 3:12,Day 32
Exercise,01/08/24 3:12,01/08/24 3:33,Day 32
Work,01/08/24 3:33,01/08/24 8:30,Day 32
Sleep,01/08/24 18:00,02/08/24 0:00,Day 32
Eating,02/08/24 0:00,02/08/24 0:30,Day 33
Learning Japanese,02/08/24 0:30,02/08/24 1:12,Day 33
Reading,02/08/24 1:12,02/08/24 2:00,Day 33
Learning Mathematics,02/08/24 2:00,02/08/24 3:24,Day 33
Exercise,02/08/24 3:24,02/08/24 3:45,Day 33
Work,02/08/24 3:45,02/08/24 9:24,Day 33
Sleep,02/08/24 18:00,03/08/24 0:00,Day 33
Eating,03/08/24 0:00,03/08/24 0:30,Day 34
Learning Japanese,03/08/24 0:30,03/08/24 1:12,Day 34
Reading,03/08/24 1:12,03/08/24 2:00,Day 34
Learning Mathematics,03/08/24 2:00,03/08/24 3:24,Day 34
Exercise,03/08/24 3:24,03/08/24 3:45,Day 34
Work,03/08/24 3:45,03/08/24 9:24,Day 34
Sleep,03/08/24 18:00,04/08/24 0:00,Day 34
Eating,04/08/24 0:00,04/08/24 0:30,Day 35
Learning Japanese,04/08/24 0:30,04/08/24 1:12,Day 35
Learning Mathematics,04/08/24 1:12,04/08/24 1:54,Day 35
Exercise,04/08/24 1:54,04/08/24 2:15,Day 35
Reading,04/08/24 2:15,04/08/24 3:24,Day 35
Work,04/08/24 3:24,04/08/24 9:24,Day 35
Sleep,04/08/24 18:00,05/08/24 0:00,Day 35
Eating,05/08/24 0:10,05/08/24 0:30,Day 36
Learning Japanese,05/08/24 0:30,05/08/24 1:12,Day 36
Learning Mathematics,05/08/24 1:12,05/08/24 1:54,Day 36
Exercise,05/08/24 1:54,05/08/24 2:15,Day 36
Reading,05/08/24 2:15,05/08/24 3:12,Day 36
Work,05/08/24 3:12,05/08/24 6:00,Day 36
Sleep,05/08/24 18:00,06/08/24 0:00,Day 36
Eating,06/08/24 0:00,06/08/24 0:30,Day 37
Learning Japanese,06/08/24 0:30,06/08/24 1:12,Day 37
Learning Mathematics,06/08/24 1:12,06/08/24 1:54,Day 37
Exercise,06/08/24 1:54,06/08/24 2:15,Day 37
Reading,06/08/24 2:15,06/08/24 3:12,Day 37
Work,06/08/24 3:12,06/08/24 6:00,Day 37
Sleep,06/08/24 18:00,07/08/24 0:00,Day 37
Eating,07/08/24 0:00,07/08/24 0:30,Day 38
Learning Japanese,07/08/24 0:30,07/08/24 1:12,Day 38
Learning Mathematics,07/08/24 1:12,07/08/24 1:54,Day 38
Exercise,07/08/24 1:54,07/08/24 2:15,Day 38
Reading,07/08/24 2:15,07/08/24 3:24,Day 38
Work,07/08/24 3:24,07/08/24 9:24,Day 38
Sleep,07/08/24 18:00,08/08/24 0:00,Day 38
Eating,08/08/24 0:00,08/08/24 0:30,Day 39
Learning Japanese,08/08/24 0:30,08/08/24 1:12,Day 39
Learning Mathematics,08/08/24 1:12,08/08/24 1:54,Day 39
Exercise,08/08/24 1:54,08/08/24 2:15,Day 39
Reading,08/08/24 2:15,08/08/24 3:24,Day 39
Work,08/08/24 3:24,08/08/24 9:24,Day 39
Sleep,08/08/24 18:00,09/08/24 0:00,Day 39
Eating,09/08/24 0:00,09/08/24 0:30,Day 40
Learning Japanese,09/08/24 0:30,09/08/24 1:12,Day 40
Learning Mathematics,09/08/24 1:12,09/08/24 1:54,Day 40
Exercise,09/08/24 1:54,09/08/24 2:15,Day 40
Reading,09/08/24 2:15,09/08/24 3:24,Day 40
Work,09/08/24 3:24,09/08/24 9:24,Day 40
Sleep,09/08/24 18:00,10/08/24 0:00,Day 40
Eating,10/08/24 0:00,10/08/24 0:30,Day 41
Learning Japanese,10/08/24 0:30,10/08/24 1:12,Day 41
Learning Mathematics,10/08/24 1:12,10/08/24 1:54,Day 41
Exercise,10/08/24 1:54,10/08/24 2:15,Day 41
Reading,10/08/24 2:15,10/08/24 3:24,Day 41
Work,10/08/24 3:24,10/08/24 9:24,Day 41
Sleep,10/08/24 18:00,11/08/24 0:00,Day 41
Eating,11/08/24 0:00,11/08/24 0:30,Day 42
Learning Japanese,11/08/24 0:30,11/08/24 1:12,Day 42
Learning Mathematics,11/08/24 1:12,11/08/24 1:54,Day 42
Exercise,11/08/24 1:54,11/08/24 2:15,Day 42
Reading,11/08/24 2:15,11/08/24 3:24,Day 42
Work,11/08/24 3:24,11/08/24 9:24,Day 42
Sleep,11/08/24 18:00,12/08/24 0:00,Day 42
Eating,12/08/24 0:00,12/08/24 0:30,Day 43
Learning Japanese,12/08/24 0:30,12/08/24 1:12,Day 43
Reading,12/08/24 1:12,12/08/24 2:00,Day 43
Learning Mathematics,12/08/24 2:00,12/08/24 4:00,Day 43
Exercise,12/08/24 4:00,12/08/24 4:21,Day 43
Work,12/08/24 4:21,12/08/24 8:00,Day 43
Sleep,12/08/24 18:00,13/08/24 0:00,Day 43
Eating,13/08/24 0:00,13/08/24 0:30,Day 44
Learning Japanese,13/08/24 0:30,13/08/24 1:12,Day 44
Reading,13/08/24 1:12,13/08/24 2:00,Day 44
Learning Mathematics,13/08/24 2:00,13/08/24 4:00,Day 44
Exercise,13/08/24 4:00,13/08/24 4:21,Day 44
Work,13/08/24 4:21,13/08/24 8:00,Day 44
Sleep,13/08/24 18:00,14/08/24 0:00,Day 44
Eating,14/08/24 0:00,14/08/24 0:30,Day 45
Learning Japanese,14/08/24 0:30,14/08/24 1:12,Day 45
Reading,14/08/24 1:12,14/08/24 2:00,Day 45
Learning Mathematics,14/08/24 2:00,14/08/24 4:00,Day 45
Exercise,14/08/24 4:00,14/08/24 4:21,Day 45
Work,14/08/24 4:21,14/08/24 8:00,Day 45
Sleep,14/08/24 18:00,15/08/24 0:00,Day 45
Eating,15/08/24 0:00,15/08/24 0:30,Day 46
Learning Japanese,15/08/24 0:30,15/08/24 1:12,Day 46
Reading,15/08/24 1:12,15/08/24 1:54,Day 46
Learning Mathematics,15/08/24 1:54,15/08/24 3:54,Day 46
Exercise,15/08/24 3:54,15/08/24 4:15,Day 46
Work,15/08/24 4:15,15/08/24 7:24,Day 46
Sleep,15/08/24 18:00,16/08/24 0:00,Day 46
Eating,16/08/24 0:00,16/08/24 0:30,Day 47
Learning Japanese,16/08/24 0:30,16/08/24 1:12,Day 47
Reading,16/08/24 1:12,16/08/24 1:54,Day 47
Work,16/08/24 1:54,16/08/24 7:54,Day 47
Learning Mathematics,16/08/24 7:54,16/08/24 9:54,Day 47
Exercise,16/08/24 9:54,16/08/24 10:15,Day 47
Sleep,16/08/24 18:00,17/08/24 0:00,Day 47
Eating,17/08/24 0:00,17/08/24 0:30,Day 48
Learning Japanese,17/08/24 0:30,17/08/24 1:12,Day 48
Work,17/08/24 1:12,17/08/24 7:12,Day 48
Learning Mathematics,17/08/24 7:12,17/08/24 9:12,Day 48
Exercise,17/08/24 9:12,17/08/24 9:33,Day 48
Reading,17/08/24 9:33,17/08/24 10:15,Day 48
Sleep,17/08/24 18:00,18/08/24 0:00,Day 48
Learning Japanese,18/08/24 0:00,18/08/24 0:52,Day 49
Eating,18/08/24 0:52,18/08/24 1:12,Day 49
Learning Mathematics,18/08/24 1:12,18/08/24 1:54,Day 49
Reading,18/08/24 1:54,18/08/24 2:42,Day 49
Work,18/08/24 2:42,18/08/24 6:42,Day 49
Exercise,18/08/24 6:42,18/08/24 7:03,Day 49
Sleep,18/08/24 18:00,19/08/24 0:00,Day 49
Eating,19/08/24 0:00,19/08/24 0:30,Day 50
Exercise,19/08/24 0:30,19/08/24 0:51,Day 50
Learning Mathematics,19/08/24 0:51,19/08/24 1:33,Day 50
Reading,19/08/24 1:33,19/08/24 2:30,Day 50
Learning Japanese,19/08/24 2:30,19/08/24 3:12,Day 50
Work,19/08/24 3:12,19/08/24 8:30,Day 50
Sleep,19/08/24 18:00,20/08/24 0:00,Day 50
Eating,20/08/24 0:00,20/08/24 0:30,Day 51
Learning Mathematics,20/08/24 0:30,20/08/24 1:12,Day 51
Reading,20/08/24 1:12,20/08/24 2:00,Day 51
Learning Japanese,20/08/24 2:00,20/08/24 2:42,Day 51
Work,20/08/24 2:42,20/08/24 8:00,Day 51
Exercise,20/08/24 8:00,20/08/24 8:21,Day 51
Sleep,20/08/24 18:00,21/08/24 0:00,Day 51
Eating,21/08/24 0:00,21/08/24 0:30,Day 52
Learning Mathematics,21/08/24 0:30,21/08/24 1:12,Day 52
Reading,21/08/24 1:12,21/08/24 2:00,Day 52
Work,21/08/24 2:00,21/08/24 8:00,Day 52
Exercise,21/08/24 8:00,21/08/24 8:21,Day 52
Learning Japanese,21/08/24 8:21,21/08/24 9:03,Day 52
Sleep,21/08/24 18:00,22/08/24 0:00,Day 52
Eating,22/08/24 0:00,22/08/24 0:30,Day 53
Learning Mathematics,22/08/24 0:30,22/08/24 1:12,Day 53
Reading,22/08/24 1:12,22/08/24 2:00,Day 53
Learning Japanese,22/08/24 2:00,22/08/24 2:42,Day 53
Work,22/08/24 2:42,22/08/24 8:00,Day 53
Exercise,22/08/24 8:00,22/08/24 8:21,Day 53
Sleep,22/08/24 18:00,23/08/24 0:00,Day 53
Eating,23/08/24 0:00,23/08/24 0:30,Day 54
Learning Mathematics,23/08/24 0:30,23/08/24 1:12,Day 54
Reading,23/08/24 1:12,23/08/24 2:00,Day 54
Exercise,23/08/24 2:00,23/08/24 2:21,Day 54
Learning Japanese,23/08/24 2:21,23/08/24 3:03,Day 54
Work,23/08/24 3:03,23/08/24 8:00,Day 54
Sleep,23/08/24 18:00,24/08/24 0:00,Day 54
Eating,24/08/24 0:00,24/08/24 0:30,Day 55
Learning Mathematics,24/08/24 0:30,24/08/24 1:12,Day 55
Reading,24/08/24 1:12,24/08/24 2:00,Day 55
Work,24/08/24 2:00,24/08/24 8:00,Day 55
Exercise,24/08/24 8:00,24/08/24 8:21,Day 55
Learning Japanese,24/08/24 8:21,24/08/24 9:03,Day 55
Sleep,24/08/24 18:00,25/08/24 0:00,Day 55
Eating,25/08/24 0:00,25/08/24 0:30,Day 56
Learning Mathematics,25/08/24 0:30,25/08/24 1:12,Day 56
Reading,25/08/24 1:12,25/08/24 2:00,Day 56
Work,25/08/24 2:00,25/08/24 8:00,Day 56
Exercise,25/08/24 8:00,25/08/24 8:21,Day 56
Learning Japanese,25/08/24 8:21,25/08/24 9:03,Day 56
Sleep,25/08/24 18:00,26/08/24 0:00,Day 56
Eating,26/08/24 0:00,26/08/24 0:30,Day 57
Exercise,26/08/24 0:30,26/08/24 0:51,Day 57
Learning Mathematics,26/08/24 0:51,26/08/24 1:33,Day 57
Reading,26/08/24 1:33,26/08/24 2:30,Day 57
Work,26/08/24 2:30,26/08/24 8:30,Day 57
Learning Japanese,26/08/24 8:30,26/08/24 9:12,Day 57
Sleep,26/08/24 18:00,27/08/24 0:00,Day 57
Eating,27/08/24 0:00,27/08/24 0:30,Day 58
Exercise,27/08/24 0:30,27/08/24 0:51,Day 58
Learning Mathematics,27/08/24 0:51,27/08/24 1:33,Day 58
Reading,27/08/24 1:33,27/08/24 2:30,Day 58
Work,27/08/24 2:30,27/08/24 8:30,Day 58
Learning Japanese,27/08/24 8:30,27/08/24 9:12,Day 58
Sleep,27/08/24 18:00,28/08/24 0:00,Day 58
Eating,28/08/24 0:00,28/08/24 0:30,Day 59
Exercise,28/08/24 0:30,28/08/24 0:51,Day 59
Learning Mathematics,28/08/24 0:51,28/08/24 1:33,Day 59
Reading,28/08/24 1:33,28/08/24 2:30,Day 59
Work,28/08/24 2:30,28/08/24 8:30,Day 59
Learning Japanese,28/08/24 8:30,28/08/24 9:12,Day 59
Sleep,28/08/24 18:00,29/08/24 0:00,Day 59
Eating,29/08/24 0:00,29/08/24 0:30,Day 60
Learning Japanese,29/08/24 0:30,29/08/24 2:30,Day 60
Learning Mathematics,29/08/24 2:30,29/08/24 3:12,Day 60
Exercise,29/08/24 3:12,29/08/24 3:33,Day 60
Reading,29/08/24 3:33,29/08/24 4:15,Day 60
Work,29/08/24 4:15,29/08/24 7:12,Day 60
Sleep,29/08/24 18:00,30/08/24 0:00,Day 60
Eating,30/08/24 0:00,30/08/24 0:30,Day 61
Learning Japanese,30/08/24 0:30,30/08/24 2:30,Day 61
Learning Mathematics,30/08/24 2:30,30/08/24 3:12,Day 61
Work,30/08/24 3:12,30/08/24 6:00,Day 61
Exercise,30/08/24 6:00,30/08/24 6:21,Day 61
Reading,30/08/24 6:21,30/08/24 8:00,Day 61
Sleep,30/08/24 18:00,31/08/24 0:00,Day 61
Eating,31/08/24 0:00,31/08/24 0:30,Day 62
Exercise,31/08/24 0:30,31/08/24 0:51,Day 62
Learning Mathematics,31/08/24 0:51,31/08/24 1:33,Day 62
Reading,31/08/24 1:33,31/08/24 2:30,Day 62
Work,31/08/24 2:30,31/08/24 6:30,Day 62
Learning Japanese,31/08/24 6:30,31/08/24 7:12,Day 62
Sleep,31/08/24 18:00,01/09/24 0:00,Day 62
Eating,01/09/24 0:00,01/09/24 0:30,Day 63
Exercise,01/09/24 0:30,01/09/24 0:51,Day 63
Learning Mathematics,01/09/24 0:51,01/09/24 1:33,Day 63
Reading,01/09/24 1:33,01/09/24 2:30,Day 63
Work,01/09/24 2:30,01/09/24 6:30,Day 63
Learning Japanese,01/09/24 6:30,01/09/24 8:30,Day 63
Sleep,01/09/24 18:00,02/09/24 0:00,Day 63
Eating,02/09/24 0:00,02/09/24 0:30,Day 64
Exercise,02/09/24 0:30,02/09/24 0:51,Day 64
Learning Mathematics,02/09/24 0:51,02/09/24 1:33,Day 64
Reading,02/09/24 1:33,02/09/24 2:30,Day 64
Work,02/09/24 2:30,02/09/24 6:30,Day 64
Learning Japanese,02/09/24 6:30,02/09/24 8:30,Day 64
Sleep,02/09/24 18:00,03/09/24 0:00,Day 64
Eating,03/09/24 0:00,03/09/24 0:30,Day 65
Exercise,03/09/24 0:30,03/09/24 0:51,Day 65
Learning Mathematics,03/09/24 0:51,03/09/24 1:33,Day 65
Reading,03/09/24 1:33,03/09/24 2:30,Day 65
Work,03/09/24 2:30,03/09/24 6:30,Day 65
Learning Japanese,03/09/24 6:30,03/09/24 8:30,Day 65
Sleep,03/09/24 18:00,04/09/24 0:00,Day 65
Eating,04/09/24 0:00,04/09/24 0:30,Day 66
Exercise,04/09/24 0:30,04/09/24 0:51,Day 66
Learning Mathematics,04/09/24 0:51,04/09/24 1:33,Day 66
Reading,04/09/24 1:33,04/09/24 2:30,Day 66
Work,04/09/24 2:30,04/09/24 6:30,Day 66
Learning Japanese,04/09/24 6:30,04/09/24 8:00,Day 66
Sleep,04/09/24 18:00,05/09/24 0:00,Day 66
Eating,05/09/24 0:00,05/09/24 0:30,Day 67
Exercise,05/09/24 0:30,05/09/24 0:51,Day 67
Learning Mathematics,05/09/24 0:51,05/09/24 1:33,Day 67
Reading,05/09/24 1:33,05/09/24 2:30,Day 67
Learning Japanese,05/09/24 2:30,05/09/24 3:12,Day 67
Work,05/09/24 3:12,05/09/24 6:30,Day 67
Sleep,05/09/24 18:00,06/09/24 0:00,Day 67
Exercise,06/09/24 0:00,06/09/24 0:21,Day 68
Learning Japanese,06/09/24 0:21,06/09/24 2:21,Day 68
Learning Mathematics,06/09/24 2:21,06/09/24 3:03,Day 68
Work,06/09/24 3:03,06/09/24 6:00,Day 68
Eating,06/09/24 6:00,06/09/24 6:30,Day 68
Reading,06/09/24 6:30,06/09/24 8:30,Day 68
Sleep,06/09/24 18:00,07/09/24 0:00,Day 68
Exercise,07/09/24 0:00,07/09/24 0:21,Day 69
Learning Japanese,07/09/24 0:21,07/09/24 2:21,Day 69
Learning Mathematics,07/09/24 2:21,07/09/24 3:03,Day 69
Work,07/09/24 3:03,07/09/24 6:00,Day 69
Reading,07/09/24 6:00,07/09/24 8:00,Day 69
Eating,07/09/24 8:00,07/09/24 8:20,Day 69
Sleep,07/09/24 18:00,08/09/24 0:00,Day 69
Exercise,08/09/24 0:00,08/09/24 0:21,Day 70
Learning Japanese,08/09/24 0:21,08/09/24 2:21,Day 70
Learning Mathematics,08/09/24 2:21,08/09/24 3:03,Day 70
Work,08/09/24 3:03,08/09/24 6:00,Day 70
Eating,08/09/24 6:00,08/09/24 6:20,Day 70
Reading,08/09/24 6:20,08/09/24 8:20,Day 70
Sleep,08/09/24 18:00,09/09/24 0:00,Day 70
Exercise,09/09/24 0:00,09/09/24 0:21,Day 71
Learning Japanese,09/09/24 0:21,09/09/24 2:21,Day 71
Learning Mathematics,09/09/24 2:21,09/09/24 3:03,Day 71
Work,09/09/24 3:03,09/09/24 6:00,Day 71
Eating,09/09/24 6:00,09/09/24 6:20,Day 71
Reading,09/09/24 6:20,09/09/24 8:20,Day 71
Sleep,09/09/24 18:00,10/09/24 0:00,Day 71
Exercise,10/09/24 0:00,10/09/24 0:21,Day 72
Learning Japanese,10/09/24 0:21,10/09/24 2:21,Day 72
Learning Mathematics,10/09/24 2:21,10/09/24 3:03,Day 72
Work,10/09/24 3:03,10/09/24 6:00,Day 72
Eating,10/09/24 6:00,10/09/24 6:29,Day 72
Reading,10/09/24 6:29,10/09/24 8:00,Day 72
Sleep,10/09/24 18:00,11/09/24 0:00,Day 72
Exercise,11/09/24 0:00,11/09/24 0:21,Day 73
Learning Japanese,11/09/24 0:21,11/09/24 1:03,Day 73
Learning Mathematics,11/09/24 1:03,11/09/24 1:45,Day 73
Eating,11/09/24 1:45,11/09/24 2:05,Day 73
Reading,11/09/24 2:05,11/09/24 2:47,Day 73
Work,11/09/24 3:12,11/09/24 6:00,Day 73
Sleep,11/09/24 18:00,12/09/24 0:00,Day 73
Exercise,12/09/24 0:00,12/09/24 0:21,Day 74
Learning Japanese,12/09/24 0:21,12/09/24 1:03,Day 74
Learning Mathematics,12/09/24 1:03,12/09/24 1:45,Day 74
Eating,12/09/24 1:45,12/09/24 2:05,Day 74
Reading,12/09/24 2:05,12/09/24 2:47,Day 74
Work,12/09/24 3:12,12/09/24 6:00,Day 74
Sleep,12/09/24 18:00,13/09/24 0:00,Day 74
Exercise,13/09/24 0:00,13/09/24 0:21,Day 75
Learning Japanese,13/09/24 0:21,13/09/24 1:03,Day 75
Learning Mathematics,13/09/24 1:03,13/09/24 1:45,Day 75
Eating,13/09/24 1:45,13/09/24 2:05,Day 75
Reading,13/09/24 2:05,13/09/24 2:47,Day 75
Work,13/09/24 3:12,13/09/24 6:00,Day 75
Sleep,13/09/24 18:00,14/09/24 0:00,Day 75
Exercise,14/09/24 0:00,14/09/24 0:21,Day 76
Learning Japanese,14/09/24 0:21,14/09/24 1:13,Day 76
Learning Mathematics,14/09/24 1:13,14/09/24 1:55,Day 76
Eating,14/09/24 1:55,14/09/24 2:15,Day 76
Reading,14/09/24 2:15,14/09/24 3:45,Day 76
Work,14/09/24 3:45,14/09/24 7:45,Day 76
Sleep,14/09/24 18:00,15/09/24 0:00,Day 76
Exercise,15/09/24 0:00,15/09/24 0:21,Day 77
Learning Japanese,15/09/24 0:21,15/09/24 1:03,Day 77
Learning Mathematics,15/09/24 1:03,15/09/24 1:45,Day 77
Eating,15/09/24 1:45,15/09/24 2:05,Day 77
Reading,15/09/24 2:05,15/09/24 2:47,Day 77
Work,15/09/24 3:12,15/09/24 6:00,Day 77
Sleep,15/09/24 18:00,16/09/24 0:00,Day 77
Exercise,16/09/24 0:00,16/09/24 0:21,Day 78
Learning Japanese,16/09/24 0:21,16/09/24 1:03,Day 78
Learning Mathematics,16/09/24 1:03,16/09/24 2:00,Day 78
Work,16/09/24 2:00,16/09/24 8:00,Day 78
Eating,16/09/24 8:00,16/09/24 8:20,Day 78
Reading,16/09/24 8:20,16/09/24 9:02,Day 78
Sleep,16/09/24 18:00,17/09/24 0:00,Day 78
Eating,17/09/24 0:00,17/09/24 0:30,Day 79
Learning Japanese,17/09/24 0:30,17/09/24 1:12,Day 79
Reading,17/09/24 1:12,17/09/24 2:00,Day 79
Exercise,17/09/24 2:00,17/09/24 2:21,Day 79
Learning Mathematics,17/09/24 2:21,17/09/24 3:12,Day 79
Work,17/09/24 3:12,17/09/24 6:00,Day 79
Sleep,17/09/24 18:00,18/09/24 0:00,Day 79
Eating,18/09/24 0:00,18/09/24 0:30,Day 80
Learning Japanese,18/09/24 0:30,18/09/24 1:12,Day 80
Reading,18/09/24 1:12,18/09/24 2:00,Day 80
Exercise,18/09/24 2:00,18/09/24 2:21,Day 80
Learning Mathematics,18/09/24 2:21,18/09/24 4:00,Day 80
Work,18/09/24 4:00,18/09/24 8:00,Day 80
Sleep,18/09/24 18:00,19/09/24 0:00,Day 80
Eating,19/09/24 0:00,19/09/24 0:30,Day 81
Exercise,19/09/24 0:30,19/09/24 0:51,Day 81
Learning Japanese,19/09/24 0:51,19/09/24 1:33,Day 81
Reading,19/09/24 1:33,19/09/24 2:30,Day 81
Learning Mathematics,19/09/24 2:30,19/09/24 4:30,Day 81
Work,19/09/24 4:30,19/09/24 8:30,Day 81
Sleep,19/09/24 18:00,20/09/24 0:00,Day 81
Eating,20/09/24 0:00,20/09/24 0:30,Day 82
Exercise,20/09/24 0:30,20/09/24 0:51,Day 82
Learning Japanese,20/09/24 0:51,20/09/24 1:33,Day 82
Reading,20/09/24 1:33,20/09/24 2:30,Day 82
Learning Mathematics,20/09/24 2:30,20/09/24 4:30,Day 82
Work,20/09/24 4:30,20/09/24 8:30,Day 82
Sleep,20/09/24 18:00,21/09/24 0:00,Day 82
Eating,21/09/24 0:00,21/09/24 0:30,Day 83
Exercise,21/09/24 0:30,21/09/24 0:51,Day 83
Learning Japanese,21/09/24 0:51,21/09/24 1:33,Day 83
Reading,21/09/24 1:33,21/09/24 2:30,Day 83
Learning Mathematics,21/09/24 2:30,21/09/24 4:30,Day 83
Work,21/09/24 4:30,21/09/24 8:30,Day 83
Sleep,21/09/24 18:00,22/09/24 0:00,Day 83
Eating,22/09/24 0:00,22/09/24 0:30,Day 84
Exercise,22/09/24 0:30,22/09/24 0:51,Day 84
Learning Japanese,22/09/24 0:51,22/09/24 1:33,Day 84
Reading,22/09/24 1:33,22/09/24 2:30,Day 84
Learning Mathematics,22/09/24 2:30,22/09/24 4:30,Day 84
Work,22/09/24 4:30,22/09/24 8:30,Day 84
Sleep,22/09/24 18:00,23/09/24 0:00,Day 84
Eating,23/09/24 0:10,23/09/24 0:30,Day 85
Exercise,23/09/24 0:30,23/09/24 0:51,Day 85
Learning Japanese,23/09/24 0:51,23/09/24 1:33,Day 85
Reading,23/09/24 1:33,23/09/24 2:30,Day 85
Learning Mathematics,23/09/24 2:30,23/09/24 3:12,Day 85
Work,23/09/24 3:12,23/09/24 6:00,Day 85
Sleep,23/09/24 18:00,24/09/24 0:00,Day 85
Eating,24/09/24 0:00,24/09/24 0:30,Day 86
Reading,24/09/24 0:30,24/09/24 1:12,Day 86
Learning Japanese,24/09/24 1:12,24/09/24 1:54,Day 86
Exercise,24/09/24 1:54,24/09/24 2:15,Day 86
Learning Mathematics,24/09/24 2:15,24/09/24 3:54,Day 86
Work,24/09/24 3:54,24/09/24 7:24,Day 86
Sleep,24/09/24 18:00,25/09/24 0:00,Day 86
Eating,25/09/24 0:00,25/09/24 0:30,Day 87
Reading,25/09/24 0:30,25/09/24 1:12,Day 87
Learning Japanese,25/09/24 1:12,25/09/24 1:54,Day 87
Exercise,25/09/24 1:54,25/09/24 2:15,Day 87
Learning Mathematics,25/09/24 2:15,25/09/24 3:54,Day 87
Work,25/09/24 3:54,25/09/24 7:24,Day 87
Sleep,25/09/24 18:00,26/09/24 0:00,Day 87
Eating,26/09/24 0:00,26/09/24 0:30,Day 88
Learning Japanese,26/09/24 0:30,26/09/24 1:12,Day 88
Reading,26/09/24 1:12,26/09/24 2:00,Day 88
Exercise,26/09/24 2:00,26/09/24 2:21,Day 88
Learning Mathematics,26/09/24 2:21,26/09/24 3:54,Day 88
Work,26/09/24 3:54,26/09/24 7:24,Day 88
Sleep,26/09/24 18:00,27/09/24 0:00,Day 88
Eating,27/09/24 0:00,27/09/24 0:30,Day 89
Learning Japanese,27/09/24 0:30,27/09/24 1:12,Day 89
Reading,27/09/24 1:12,27/09/24 2:00,Day 89
Exercise,27/09/24 2:00,27/09/24 2:21,Day 89
Learning Mathematics,27/09/24 2:21,27/09/24 3:54,Day 89
Work,27/09/24 3:54,27/09/24 7:24,Day 89
Sleep,27/09/24 18:00,28/09/24 0:00,Day 89
Exercise,28/09/24 0:00,28/09/24 0:21,Day 90
Eating,28/09/24 0:21,28/09/24 0:41,Day 90
Learning Mathematics,28/09/24 0:41,28/09/24 1:23,Day 90
Learning Japanese,28/09/24 1:23,28/09/24 2:21,Day 90
Reading,28/09/24 2:21,28/09/24 4:21,Day 90
Work,28/09/24 4:21,28/09/24 8:21,Day 90
Sleep,28/09/24 18:00,29/09/24 0:00,Day 90
Eating,29/09/24 0:10,29/09/24 0:30,Day 91
Exercise,29/09/24 0:30,29/09/24 0:51,Day 91
Learning Japanese,29/09/24 0:51,29/09/24 1:33,Day 91
Reading,29/09/24 1:33,29/09/24 2:30,Day 91
Learning Mathematics,29/09/24 2:30,29/09/24 3:12,Day 91
Work,29/09/24 3:12,29/09/24 6:00,Day 91
Sleep,29/09/24 18:00,30/09/24 0:00,Day 91
Eating,30/09/24 0:00,30/09/24 0:30,Day 92
Exercise,30/09/24 0:30,30/09/24 0:51,Day 92
Learning Japanese,30/09/24 0:51,30/09/24 1:33,Day 92
Reading,30/09/24 1:33,30/09/24 2:30,Day 92
Learning Mathematics,30/09/24 2:30,30/09/24 3:12,Day 92
Work,30/09/24 3:12,30/09/24 6:00,Day 92
Sleep,30/09/24 18:00,01/10/24 0:00,Day 92
Eating,01/10/24 0:00,01/10/24 0:30,Day 93
Exercise,01/10/24 0:30,01/10/24 0:51,Day 93
Learning Japanese,01/10/24 0:51,01/10/24 1:33,Day 93
Reading,01/10/24 1:33,01/10/24 2:30,Day 93
Learning Mathematics,01/10/24 2:30,01/10/24 3:12,Day 93
Work,01/10/24 3:12,01/10/24 8:30,Day 93
Sleep,01/10/24 18:00,02/10/24 0:00,Day 93
Eating,02/10/24 0:00,02/10/24 0:30,Day 94
Exercise,02/10/24 0:30,02/10/24 0:51,Day 94
Learning Japanese,02/10/24 0:51,02/10/24 1:33,Day 94
Reading,02/10/24 1:33,02/10/24 2:30,Day 94
Learning Mathematics,02/10/24 2:30,02/10/24 3:12,Day 94
Work,02/10/24 3:12,02/10/24 8:30,Day 94
Sleep,02/10/24 18:00,03/10/24 0:00,Day 94
Eating,03/10/24 0:00,03/10/24 0:30,Day 95
Exercise,03/10/24 0:30,03/10/24 0:51,Day 95
Learning Japanese,03/10/24 0:51,03/10/24 1:33,Day 95
Reading,03/10/24 1:33,03/10/24 2:30,Day 95
Learning Mathematics,03/10/24 2:30,03/10/24 3:12,Day 95
Work,03/10/24 3:12,03/10/24 8:30,Day 95
Sleep,03/10/24 18:00,04/10/24 0:00,Day 95
Exercise,04/10/24 0:00,04/10/24 0:21,Day 96
Eating,04/10/24 0:21,04/10/24 0:41,Day 96
Learning Japanese,04/10/24 0:41,04/10/24 1:23,Day 96
Reading,04/10/24 1:23,04/10/24 2:21,Day 96
Learning Mathematics,04/10/24 2:21,04/10/24 3:03,Day 96
Work,04/10/24 3:03,04/10/24 8:21,Day 96
Sleep,04/10/24 18:00,05/10/24 0:00,Day 96
Eating,05/10/24 0:00,05/10/24 0:30,Day 97
Learning Japanese,05/10/24 0:30,05/10/24 2:30,Day 97
Exercise,05/10/24 2:30,05/10/24 2:51,Day 97
Reading,05/10/24 2:51,05/10/24 4:09,Day 97
Learning Mathematics,05/10/24 4:09,05/10/24 4:51,Day 97
Work,05/10/24 4:51,05/10/24 8:51,Day 97
Sleep,05/10/24 18:00,06/10/24 0:00,Day 97
Eating,06/10/24 0:00,06/10/24 0:30,Day 98
Learning Japanese,06/10/24 0:30,06/10/24 2:30,Day 98
Exercise,06/10/24 2:30,06/10/24 2:51,Day 98
Reading,06/10/24 2:51,06/10/24 3:42,Day 98
Learning Mathematics,06/10/24 3:42,06/10/24 4:24,Day 98
Work,06/10/24 4:24,06/10/24 7:12,Day 98
Sleep,06/10/24 18:00,07/10/24 0:00,Day 98
Eating,07/10/24 0:00,07/10/24 0:30,Day 99
Learning Japanese,07/10/24 0:30,07/10/24 1:12,Day 99
Reading,07/10/24 1:12,07/10/24 2:00,Day 99
Learning Mathematics,07/10/24 2:00,07/10/24 2:42,Day 99
Work,07/10/24 2:42,07/10/24 8:00,Day 99
Exercise,07/10/24 8:00,07/10/24 8:21,Day 99
Sleep,07/10/24 18:00,08/10/24 0:00,Day 99
Eating,08/10/24 0:00,08/10/24 0:30,Day 100
Exercise,08/10/24 0:30,08/10/24 0:51,Day 100
Learning Japanese,08/10/24 0:51,08/10/24 1:33,Day 100
Reading,08/10/24 1:33,08/10/24 2:30,Day 100
Learning Mathematics,08/10/24 2:30,08/10/24 4:30,Day 100
Work,08/10/24 4:30,08/10/24 8:30,Day 100
Sleep,08/10/24 18:00,09/10/24 0:00,Day 100
Eating,09/10/24 0:00,09/10/24 0:30,Day 101
Exercise,09/10/24 0:30,09/10/24 0:51,Day 101
Learning Japanese,09/10/24 0:51,09/10/24 1:33,Day 101
Reading,09/10/24 1:33,09/10/24 2:30,Day 101
Learning Mathematics,09/10/24 2:30,09/10/24 4:30,Day 101
Work,09/10/24 4:30,09/10/24 8:30,Day 101
Sleep,09/10/24 18:00,10/10/24 0:00,Day 101
Eating,10/10/24 0:00,10/10/24 0:30,Day 102
Exercise,10/10/24 0:30,10/10/24 0:51,Day 102
Learning Japanese,10/10/24 0:51,10/10/24 1:33,Day 102
Reading,10/10/24 1:33,10/10/24 2:30,Day 102
Learning Mathematics,10/10/24 2:30,10/10/24 4:30,Day 102
Work,10/10/24 4:30,10/10/24 8:30,Day 102
Sleep,10/10/24 18:00,11/10/24 0:00,Day 102
Eating,11/10/24 0:00,11/10/24 0:30,Day 103
Exercise,11/10/24 0:30,11/10/24 0:51,Day 103
Learning Japanese,11/10/24 0:51,11/10/24 1:33,Day 103
Reading,11/10/24 1:33,11/10/24 2:30,Day 103
Learning Mathematics,11/10/24 2:30,11/10/24 4:30,Day 103
Work,11/10/24 4:30,11/10/24 8:30,Day 103
Sleep,11/10/24 18:00,12/10/24 0:00,Day 103
Eating,12/10/24 0:00,12/10/24 0:30,Day 104
Exercise,12/10/24 0:30,12/10/24 0:51,Day 104
Learning Japanese,12/10/24 0:51,12/10/24 1:33,Day 104
Reading,12/10/24 1:33,12/10/24 2:30,Day 104
Learning Mathematics,12/10/24 2:30,12/10/24 4:30,Day 104
Work,12/10/24 4:30,12/10/24 8:30,Day 104
Sleep,12/10/24 18:00,13/10/24 0:00,Day 104
Eating,13/10/24 0:00,13/10/24 0:30,Day 105
Exercise,13/10/24 0:30,13/10/24 0:51,Day 105
Learning Japanese,13/10/24 0:51,13/10/24 1:33,Day 105
Reading,13/10/24 1:33,13/10/24 2:30,Day 105
Learning Mathematics,13/10/24 2:30,13/10/24 4:30,Day 105
Work,13/10/24 4:30,13/10/24 8:30,Day 105
Sleep,13/10/24 18:00,14/10/24 0:00,Day 105
Eating,14/10/24 0:00,14/10/24 0:30,Day 106
Reading,14/10/24 0:30,14/10/24 1:12,Day 106
Learning Japanese,14/10/24 1:12,14/10/24 1:54,Day 106
Learning Mathematics,14/10/24 1:54,14/10/24 3:54,Day 106
Exercise,14/10/24 3:54,14/10/24 4:15,Day 106
Work,14/10/24 4:15,14/10/24 7:24,Day 106
Sleep,14/10/24 18:00,15/10/24 0:00,Day 106
Eating,15/10/24 0:00,15/10/24 0:30,Day 107
Exercise,15/10/24 0:30,15/10/24 0:51,Day 107
Learning Japanese,15/10/24 0:51,15/10/24 1:33,Day 107
Reading,15/10/24 1:33,15/10/24 2:30,Day 107
Learning Mathematics,15/10/24 2:30,15/10/24 4:30,Day 107
Work,15/10/24 4:30,15/10/24 8:30,Day 107
Sleep,15/10/24 18:00,16/10/24 0:00,Day 107
Eating,16/10/24 0:00,16/10/24 0:30,Day 108
Exercise,16/10/24 0:30,16/10/24 0:51,Day 108
Learning Japanese,16/10/24 0:51,16/10/24 1:33,Day 108
Reading,16/10/24 1:33,16/10/24 2:30,Day 108
Learning Mathematics,16/10/24 2:30,16/10/24 4:30,Day 108
Work,16/10/24 4:30,16/10/24 8:30,Day 108
Sleep,16/10/24 18:00,17/10/24 0:00,Day 108
Learning Mathematics,17/10/24 0:00,17/10/24 0:42,Day 109
Eating,17/10/24 0:42,17/10/24 1:02,Day 109
Reading,17/10/24 1:02,17/10/24 1:44,Day 109
Learning Japanese,17/10/24 1:44,17/10/24 2:42,Day 109
Exercise,17/10/24 2:42,17/10/24 3:03,Day 109
Work,17/10/24 3:03,17/10/24 6:42,Day 109
Sleep,17/10/24 18:00,18/10/24 0:00,Day 109
Eating,18/10/24 0:00,18/10/24 0:30,Day 110
Exercise,18/10/24 0:30,18/10/24 0:51,Day 110
Learning Mathematics,18/10/24 0:51,18/10/24 1:33,Day 110
Reading,18/10/24 1:33,18/10/24 2:30,Day 110
Work,18/10/24 2:30,18/10/24 8:30,Day 110
Learning Japanese,18/10/24 8:30,18/10/24 9:12,Day 110
Sleep,18/10/24 18:00,19/10/24 0:00,Day 110
Eating,19/10/24 0:00,19/10/24 0:30,Day 111
Exercise,19/10/24 0:30,19/10/24 0:51,Day 111
Learning Mathematics,19/10/24 0:51,19/10/24 1:33,Day 111
Reading,19/10/24 1:33,19/10/24 2:30,Day 111
Work,19/10/24 2:30,19/10/24 8:30,Day 111
Learning Japanese,19/10/24 8:30,19/10/24 9:12,Day 111
Sleep,19/10/24 18:00,20/10/24 0:00,Day 111
Eating,20/10/24 0:00,20/10/24 0:30,Day 112
Exercise,20/10/24 0:30,20/10/24 0:51,Day 112
Learning Mathematics,20/10/24 0:51,20/10/24 1:33,Day 112
Reading,20/10/24 1:33,20/10/24 2:30,Day 112
Work,20/10/24 2:30,20/10/24 8:30,Day 112
Learning Japanese,20/10/24 8:30,20/10/24 9:12,Day 112
Sleep,20/10/24 18:00,21/10/24 0:00,Day 112
Eating,21/10/24 0:00,21/10/24 0:30,Day 113
Exercise,21/10/24 0:30,21/10/24 1:00,Day 113
Learning Mathematics,21/10/24 1:00,21/10/24 1:42,Day 113
Reading,21/10/24 1:42,21/10/24 2:30,Day 113
Work,21/10/24 2:30,21/10/24 8:30,Day 113
Learning Japanese,21/10/24 8:30,21/10/24 9:12,Day 113
Sleep,21/10/24 18:00,22/10/24 0:00,Day 113
Eating,22/10/24 0:00,22/10/24 0:30,Day 114
Exercise,22/10/24 0:30,22/10/24 1:00,Day 114
Learning Mathematics,22/10/24 1:00,22/10/24 1:42,Day 114
Reading,22/10/24 1:42,22/10/24 2:30,Day 114
Work,22/10/24 2:30,22/10/24 8:30,Day 114
Learning Japanese,22/10/24 8:30,22/10/24 9:12,Day 114
Sleep,22/10/24 18:00,23/10/24 0:00,Day 114
Eating,23/10/24 0:00,23/10/24 0:30,Day 115
Exercise,23/10/24 0:30,23/10/24 0:51,Day 115
Learning Mathematics,23/10/24 0:51,23/10/24 1:33,Day 115
Reading,23/10/24 1:33,23/10/24 2:30,Day 115
Work,23/10/24 2:30,23/10/24 8:30,Day 115
Learning Japanese,23/10/24 8:30,23/10/24 9:12,Day 115
Sleep,23/10/24 18:00,24/10/24 0:00,Day 115
Eating,24/10/24 0:00,24/10/24 0:30,Day 116
Exercise,24/10/24 0:30,24/10/24 0:51,Day 116
Learning Mathematics,24/10/24 0:51,24/10/24 1:33,Day 116
Reading,24/10/24 1:33,24/10/24 2:30,Day 116
Work,24/10/24 2:30,24/10/24 8:30,Day 116
Learning Japanese,24/10/24 8:30,24/10/24 9:12,Day 116
Sleep,24/10/24 18:00,25/10/24 0:00,Day 116
Eating,25/10/24 0:00,25/10/24 0:30,Day 117
Exercise,25/10/24 0:30,25/10/24 0:51,Day 117
Learning Mathematics,25/10/24 0:51,25/10/24 1:33,Day 117
Reading,25/10/24 1:33,25/10/24 2:30,Day 117
Work,25/10/24 2:30,25/10/24 8:30,Day 117
Learning Japanese,25/10/24 8:30,25/10/24 9:12,Day 117
Sleep,25/10/24 18:00,26/10/24 0:00,Day 117
Eating,26/10/24 0:00,26/10/24 0:30,Day 118
Exercise,26/10/24 0:30,26/10/24 0:51,Day 118
Learning Mathematics,26/10/24 0:51,26/10/24 1:33,Day 118
Reading,26/10/24 1:33,26/10/24 2:30,Day 118
Work,26/10/24 2:30,26/10/24 8:30,Day 118
Learning Japanese,26/10/24 8:30,26/10/24 9:12,Day 118
Sleep,26/10/24 18:00,27/10/24 0:00,Day 118
Eating,27/10/24 0:00,27/10/24 0:30,Day 119
Exercise,27/10/24 0:30,27/10/24 0:51,Day 119
Learning Mathematics,27/10/24 0:51,27/10/24 1:33,Day 119
Reading,27/10/24 1:33,27/10/24 2:30,Day 119
Work,27/10/24 2:30,27/10/24 8:30,Day 119
Learning Japanese,27/10/24 8:30,27/10/24 9:12,Day 119
Sleep,27/10/24 18:00,28/10/24 0:00,Day 119
Eating,28/10/24 0:00,28/10/24 0:30,Day 120
Exercise,28/10/24 0:30,28/10/24 0:51,Day 120
Learning Mathematics,28/10/24 0:51,28/10/24 1:33,Day 120
Reading,28/10/24 1:33,28/10/24 2:30,Day 120
Work,28/10/24 2:30,28/10/24 8:30,Day 120
Learning Japanese,28/10/24 8:30,28/10/24 9:12,Day 120
Sleep,28/10/24 18:00,29/10/24 0:00,Day 120
Eating,29/10/24 0:00,29/10/24 0:30,Day 121
Exercise,29/10/24 0:30,29/10/24 0:51,Day 121
Learning Mathematics,29/10/24 0:51,29/10/24 1:33,Day 121
Reading,29/10/24 1:33,29/10/24 2:30,Day 121
Work,29/10/24 2:30,29/10/24 6:30,Day 121
Learning Japanese,29/10/24 6:30,29/10/24 7:12,Day 121
Sleep,29/10/24 18:00,30/10/24 0:00,Day 121
Eating,30/10/24 0:00,30/10/24 0:30,Day 122
Exercise,30/10/24 0:30,30/10/24 0:51,Day 122
Learning Mathematics,30/10/24 0:51,30/10/24 1:33,Day 122
Reading,30/10/24 1:33,30/10/24 2:30,Day 122
Work,30/10/24 2:30,30/10/24 8:30,Day 122
Learning Japanese,30/10/24 8:30,30/10/24 9:12,Day 122
Sleep,30/10/24 18:00,31/10/24 0:00,Day 122
Eating,31/10/24 0:00,31/10/24 0:30,Day 123
Exercise,31/10/24 0:30,31/10/24 0:51,Day 123
Learning Mathematics,31/10/24 0:51,31/10/24 1:33,Day 123
Reading,31/10/24 1:33,31/10/24 2:30,Day 123
Work,31/10/24 2:30,31/10/24 6:00,Day 123
Learning Japanese,31/10/24 6:00,31/10/24 6:42,Day 123
Sleep,31/10/24 18:00,01/11/24 0:00,Day 123
Eating,01/11/24 0:00,01/11/24 0:30,Day 124
Exercise,01/11/24 0:30,01/11/24 0:51,Day 124
Learning Mathematics,01/11/24 0:51,01/11/24 1:33,Day 124
Reading,01/11/24 1:33,01/11/24 2:30,Day 124
Work,01/11/24 2:30,01/11/24 6:00,Day 124
Learning Japanese,01/11/24 6:00,01/11/24 6:42,Day 124
Sleep,01/11/24 18:00,02/11/24 0:00,Day 124
Exercise,02/11/24 0:00,02/11/24 0:21,Day 125
Eating,02/11/24 0:21,02/11/24 0:41,Day 125
Learning Mathematics,02/11/24 0:41,02/11/24 1:23,Day 125
Reading,02/11/24 1:23,02/11/24 2:21,Day 125
Work,02/11/24 2:21,02/11/24 6:00,Day 125
Learning Japanese,02/11/24 6:00,02/11/24 8:00,Day 125
Sleep,02/11/24 18:00,03/11/24 0:00,Day 125
Exercise,03/11/24 0:00,03/11/24 0:21,Day 126
Eating,03/11/24 0:21,03/11/24 0:41,Day 126
Learning Mathematics,03/11/24 0:41,03/11/24 1:23,Day 126
Reading,03/11/24 1:23,03/11/24 2:21,Day 126
Work,03/11/24 2:21,03/11/24 8:21,Day 126
Learning Japanese,03/11/24 8:21,03/11/24 9:03,Day 126
Sleep,03/11/24 18:00,04/11/24 0:00,Day 126
Exercise,04/11/24 0:00,04/11/24 0:21,Day 127
Eating,04/11/24 0:21,04/11/24 0:41,Day 127
Learning Mathematics,04/11/24 0:41,04/11/24 1:23,Day 127
Learning Japanese,04/11/24 1:23,04/11/24 2:21,Day 127
Reading,04/11/24 2:21,04/11/24 4:21,Day 127
Work,04/11/24 4:21,04/11/24 8:21,Day 127
Sleep,04/11/24 18:00,05/11/24 0:00,Day 127
Exercise,05/11/24 0:00,05/11/24 0:21,Day 128
Eating,05/11/24 0:21,05/11/24 0:41,Day 128
Learning Mathematics,05/11/24 0:41,05/11/24 1:23,Day 128
Reading,05/11/24 1:23,05/11/24 2:21,Day 128
Work,05/11/24 2:21,05/11/24 6:00,Day 128
Learning Japanese,05/11/24 6:00,05/11/24 6:42,Day 128
Sleep,05/11/24 18:00,06/11/24 0:00,Day 128
Exercise,06/11/24 0:00,06/11/24 0:21,Day 129
Eating,06/11/24 0:21,06/11/24 0:41,Day 129
Learning Mathematics,06/11/24 0:41,06/11/24 1:23,Day 129
Reading,06/11/24 1:23,06/11/24 2:21,Day 129
Work,06/11/24 2:21,06/11/24 6:00,Day 129
Learning Japanese,06/11/24 6:00,06/11/24 8:00,Day 129
Sleep,06/11/24 18:00,07/11/24 0:00,Day 129
Exercise,07/11/24 0:00,07/11/24 0:21,Day 130
Eating,07/11/24 0:21,07/11/24 0:41,Day 130
Learning Mathematics,07/11/24 0:41,07/11/24 1:23,Day 130
Reading,07/11/24 1:23,07/11/24 2:21,Day 130
Work,07/11/24 2:21,07/11/24 6:00,Day 130
Learning Japanese,07/11/24 6:00,07/11/24 6:42,Day 130
Sleep,07/11/24 18:00,08/11/24 0:00,Day 130
Exercise,08/11/24 0:00,08/11/24 0:21,Day 131
Eating,08/11/24 0:21,08/11/24 0:41,Day 131
Learning Mathematics,08/11/24 0:41,08/11/24 1:23,Day 131
Reading,08/11/24 1:23,08/11/24 2:21,Day 131
Work,08/11/24 2:21,08/11/24 6:00,Day 131
Learning Japanese,08/11/24 6:00,08/11/24 8:00,Day 131
Sleep,08/11/24 18:00,09/11/24 0:00,Day 131
Exercise,09/11/24 0:00,09/11/24 0:21,Day 132
Eating,09/11/24 0:21,09/11/24 0:41,Day 132
Learning Mathematics,09/11/24 0:41,09/11/24 1:23,Day 132
Reading,09/11/24 1:23,09/11/24 2:21,Day 132
Work,09/11/24 2:21,09/11/24 6:00,Day 132
Learning Japanese,09/11/24 6:00,09/11/24 6:42,Day 132
Sleep,09/11/24 18:00,10/11/24 0:00,Day 132
Exercise,10/11/24 0:00,10/11/24 0:21,Day 133
Eating,10/11/24 0:21,10/11/24 0:41,Day 133
Learning Mathematics,10/11/24 0:41,10/11/24 1:23,Day 133
Learning Japanese,10/11/24 1:23,10/11/24 2:21,Day 133
Reading,10/11/24 2:21,10/11/24 4:21,Day 133
Work,10/11/24 4:21,10/11/24 8:21,Day 133
Sleep,10/11/24 18:00,11/11/24 0:00,Day 133
Exercise,11/11/24 0:00,11/11/24 0:21,Day 134
Eating,11/11/24 0:21,11/11/24 0:41,Day 134
Learning Mathematics,11/11/24 0:41,11/11/24 1:23,Day 134
Learning Japanese,11/11/24 1:23,11/11/24 2:21,Day 134
Reading,11/11/24 2:21,11/11/24 4:21,Day 134
Work,11/11/24 4:21,11/11/24 8:21,Day 134
Sleep,11/11/24 18:00,12/11/24 0:00,Day 134
Exercise,12/11/24 0:00,12/11/24 0:21,Day 135
Eating,12/11/24 0:21,12/11/24 0:41,Day 135
Learning Mathematics,12/11/24 0:41,12/11/24 1:23,Day 135
Learning Japanese,12/11/24 1:23,12/11/24 2:21,Day 135
Reading,12/11/24 2:21,12/11/24 4:21,Day 135
Work,12/11/24 4:21,12/11/24 8:21,Day 135
Sleep,12/11/24 18:00,13/11/24 0:00,Day 135
Exercise,13/11/24 0:00,13/11/24 0:21,Day 136
Eating,13/11/24 0:21,13/11/24 0:41,Day 136
Learning Mathematics,13/11/24 0:41,13/11/24 1:23,Day 136
Learning Japanese,13/11/24 1:33,13/11/24 2:21,Day 136
Reading,13/11/24 2:21,13/11/24 3:03,Day 136
Work,13/11/24 3:03,13/11/24 6:00,Day 136
Sleep,13/11/24 18:00,14/11/24 0:00,Day 136
Exercise,14/11/24 0:00,14/11/24 0:21,Day 137
Eating,14/11/24 0:21,14/11/24 0:41,Day 137
Learning Mathematics,14/11/24 0:41,14/11/24 1:23,Day 137
Learning Japanese,14/11/24 1:33,14/11/24 2:21,Day 137
Reading,14/11/24 2:21,14/11/24 3:03,Day 137
Work,14/11/24 3:03,14/11/24 6:00,Day 137
Sleep,14/11/24 18:00,15/11/24 0:00,Day 137
Eating,15/11/24 0:00,15/11/24 0:30,Day 138
Learning Mathematics,15/11/24 0:30,15/11/24 1:12,Day 138
Reading,15/11/24 1:12,15/11/24 2:00,Day 138
Work,15/11/24 2:00,15/11/24 8:00,Day 138
Exercise,15/11/24 8:00,15/11/24 8:21,Day 138
Learning Japanese,15/11/24 8:21,15/11/24 9:03,Day 138
Sleep,15/11/24 18:00,16/11/24 0:00,Day 138
Eating,16/11/24 0:00,16/11/24 0:30,Day 139
Learning Mathematics,16/11/24 0:30,16/11/24 1:12,Day 139
Reading,16/11/24 1:12,16/11/24 2:00,Day 139
Work,16/11/24 2:00,16/11/24 8:00,Day 139
Exercise,16/11/24 8:00,16/11/24 8:21,Day 139
Learning Japanese,16/11/24 8:21,16/11/24 9:03,Day 139
Sleep,16/11/24 18:00,17/11/24 0:00,Day 139
Exercise,17/11/24 0:00,17/11/24 0:21,Day 140
Eating,17/11/24 0:21,17/11/24 0:41,Day 140
Learning Mathematics,17/11/24 0:41,17/11/24 1:23,Day 140
Learning Japanese,17/11/24 1:33,17/11/24 2:21,Day 140
Reading,17/11/24 2:21,17/11/24 3:03,Day 140
Work,17/11/24 3:03,17/11/24 6:00,Day 140
Sleep,17/11/24 18:00,18/11/24 0:00,Day 140
Exercise,18/11/24 0:00,18/11/24 0:21,Day 141
Eating,18/11/24 0:21,18/11/24 0:41,Day 141
Learning Mathematics,18/11/24 0:41,18/11/24 1:23,Day 141
Learning Japanese,18/11/24 1:33,18/11/24 2:21,Day 141
Reading,18/11/24 2:21,18/11/24 3:03,Day 141
Work,18/11/24 3:03,18/11/24 6:00,Day 141
Sleep,18/11/24 18:00,19/11/24 0:00,Day 141
Eating,19/11/24 0:00,19/11/24 0:30,Day 142
Learning Mathematics,19/11/24 0:30,19/11/24 1:12,Day 142
Reading,19/11/24 1:12,19/11/24 2:00,Day 142
Work,19/11/24 2:00,19/11/24 8:00,Day 142
Exercise,19/11/24 8:00,19/11/24 8:21,Day 142
Learning Japanese,19/11/24 8:21,19/11/24 9:03,Day 142
Sleep,19/11/24 18:00,20/11/24 0:00,Day 142
Eating,20/11/24 0:00,20/11/24 0:30,Day 143
Learning Mathematics,20/11/24 0:30,20/11/24 1:12,Day 143
Reading,20/11/24 1:12,20/11/24 2:00,Day 143
Work,20/11/24 2:00,20/11/24 8:00,Day 143
Exercise,20/11/24 8:00,20/11/24 8:21,Day 143
Learning Japanese,20/11/24 8:21,20/11/24 9:03,Day 143
Sleep,20/11/24 18:00,21/11/24 0:00,Day 143
Exercise,21/11/24 0:00,21/11/24 0:21,Day 144
Eating,21/11/24 0:21,21/11/24 0:41,Day 144
Learning Mathematics,21/11/24 0:41,21/11/24 1:23,Day 144
Learning Japanese,21/11/24 1:33,21/11/24 2:21,Day 144
Reading,21/11/24 2:21,21/11/24 3:03,Day 144
Work,21/11/24 3:03,21/11/24 6:00,Day 144
Sleep,21/11/24 18:00,22/11/24 0:00,Day 144
Exercise,22/11/24 0:00,22/11/24 0:21,Day 145
Eating,22/11/24 0:21,22/11/24 0:41,Day 145
Learning Mathematics,22/11/24 0:41,22/11/24 1:23,Day 145
Learning Japanese,22/11/24 1:33,22/11/24 2:21,Day 145
Reading,22/11/24 2:21,22/11/24 3:03,Day 145
Work,22/11/24 3:03,22/11/24 6:00,Day 145
Sleep,22/11/24 18:00,23/11/24 0:00,Day 145
Eating,23/11/24 0:00,23/11/24 0:30,Day 146
Learning Mathematics,23/11/24 0:30,23/11/24 1:12,Day 146
Reading,23/11/24 1:12,23/11/24 2:00,Day 146
Work,23/11/24 2:00,23/11/24 8:00,Day 146
Exercise,23/11/24 8:00,23/11/24 8:21,Day 146
Learning Japanese,23/11/24 8:21,23/11/24 9:03,Day 146
Sleep,23/11/24 18:00,24/11/24 0:00,Day 146
Exercise,24/11/24 0:00,24/11/24 0:21,Day 147
Eating,24/11/24 0:21,24/11/24 0:41,Day 147
Learning Mathematics,24/11/24 0:41,24/11/24 1:23,Day 147
Learning Japanese,24/11/24 1:33,24/11/24 2:21,Day 147
Reading,24/11/24 2:21,24/11/24 3:03,Day 147
Work,24/11/24 3:03,24/11/24 6:00,Day 147
Sleep,24/11/24 18:00,25/11/24 0:00,Day 147
Exercise,25/11/24 0:00,25/11/24 0:21,Day 148
Eating,25/11/24 0:21,25/11/24 0:41,Day 148
Learning Japanese,25/11/24 0:41,25/11/24 1:23,Day 148
Reading,25/11/24 1:23,25/11/24 2:21,Day 148
Learning Mathematics,25/11/24 2:21,25/11/24 3:03,Day 148
Work,25/11/24 3:03,25/11/24 6:00,Day 148
Sleep,25/11/24 18:00,26/11/24 0:00,Day 148
Eating,26/11/24 0:00,26/11/24 0:30,Day 149
Learning Japanese,26/11/24 0:30,26/11/24 1:12,Day 149
Reading,26/11/24 1:12,26/11/24 2:00,Day 149
Learning Mathematics,26/11/24 2:00,26/11/24 3:12,Day 149
Work,26/11/24 3:12,26/11/24 6:00,Day 149
Exercise,26/11/24 6:00,26/11/24 6:30,Day 149
Sleep,26/11/24 18:00,27/11/24 0:00,Day 149
Eating,27/11/24 0:00,27/11/24 0:30,Day 150
Learning Japanese,27/11/24 0:30,27/11/24 1:12,Day 150
Reading,27/11/24 1:12,27/11/24 2:00,Day 150
Learning Mathematics,27/11/24 2:00,27/11/24 4:00,Day 150
Exercise,27/11/24 4:00,27/11/24 4:21,Day 150
Work,27/11/24 4:21,27/11/24 8:42,Day 150
Sleep,27/11/24 18:00,28/11/24 0:00,Day 150
Eating,28/11/24 0:00,28/11/24 0:30,Day 151
Learning Japanese,28/11/24 0:30,28/11/24 1:12,Day 151
Reading,28/11/24 1:12,28/11/24 2:00,Day 151
Learning Mathematics,28/11/24 2:00,28/11/24 3:24,Day 151
Exercise,28/11/24 3:24,28/11/24 3:45,Day 151
Work,28/11/24 3:45,28/11/24 8:36,Day 151
Sleep,28/11/24 18:00,29/11/24 0:00,Day 151
Eating,29/11/24 0:00,29/11/24 0:30,Day 152
Learning Japanese,29/11/24 0:30,29/11/24 1:12,Day 152
Reading,29/11/24 1:12,29/11/24 2:00,Day 152
Learning Mathematics,29/11/24 2:00,29/11/24 3:12,Day 152
Work,29/11/24 3:12,29/11/24 6:00,Day 152
Exercise,29/11/24 6:00,29/11/24 6:30,Day 152
Sleep,29/11/24 18:00,30/11/24 0:00,Day 152
Eating,30/11/24 0:00,30/11/24 0:30,Day 153
Learning Japanese,30/11/24 0:30,30/11/24 1:12,Day 153
Reading,30/11/24 1:12,30/11/24 2:00,Day 153
Learning Mathematics,30/11/24 2:00,30/11/24 3:12,Day 153
Work,30/11/24 3:12,30/11/24 6:00,Day 153
Exercise,30/11/24 6:00,30/11/24 6:30,Day 153
Sleep,30/11/24 18:00,01/12/24 0:00,Day 153
Eating,01/12/24 0:00,01/12/24 0:30,Day 154
Learning Japanese,01/12/24 0:30,01/12/24 1:12,Day 154
Reading,01/12/24 1:12,01/12/24 2:00,Day 154
Learning Mathematics,01/12/24 2:00,01/12/24 3:24,Day 154
Exercise,01/12/24 3:24,01/12/24 3:45,Day 154
Work,01/12/24 3:45,01/12/24 8:36,Day 154
Sleep,01/12/24 18:00,02/12/24 0:00,Day 154
Eating,02/12/24 0:00,02/12/24 0:30,Day 155
Learning Japanese,02/12/24 0:30,02/12/24 1:12,Day 155
Reading,02/12/24 1:12,02/12/24 2:00,Day 155
Learning Mathematics,02/12/24 2:00,02/12/24 3:24,Day 155
Exercise,02/12/24 3:24,02/12/24 3:45,Day 155
Work,02/12/24 3:45,02/12/24 8:36,Day 155
Sleep,02/12/24 18:00,03/12/24 0:00,Day 155
Eating,03/12/24 0:00,03/12/24 0:30,Day 156
Learning Japanese,03/12/24 0:30,03/12/24 1:12,Day 156
Reading,03/12/24 1:12,03/12/24 2:00,Day 156
Learning Mathematics,03/12/24 2:00,03/12/24 3:12,Day 156
Work,03/12/24 3:12,03/12/24 6:00,Day 156
Exercise,03/12/24 6:00,03/12/24 6:30,Day 156
Sleep,03/12/24 18:00,04/12/24 0:00,Day 156
Eating,04/12/24 0:00,04/12/24 0:30,Day 157
Learning Japanese,04/12/24 0:30,04/12/24 1:12,Day 157
Reading,04/12/24 1:12,04/12/24 2:00,Day 157
Learning Mathematics,04/12/24 2:00,04/12/24 3:12,Day 157
Work,04/12/24 3:12,04/12/24 6:00,Day 157
Exercise,04/12/24 6:00,04/12/24 6:30,Day 157
Sleep,04/12/24 18:00,05/12/24 0:00,Day 157
Eating,05/12/24 0:00,05/12/24 0:30,Day 158
Learning Japanese,05/12/24 0:30,05/12/24 1:12,Day 158
Reading,05/12/24 1:12,05/12/24 2:00,Day 158
Learning Mathematics,05/12/24 2:00,05/12/24 3:24,Day 158
Exercise,05/12/24 3:24,05/12/24 3:45,Day 158
Work,05/12/24 3:45,05/12/24 8:42,Day 158
Sleep,05/12/24 18:00,06/12/24 0:00,Day 158
Eating,06/12/24 0:00,06/12/24 0:30,Day 159
Learning Japanese,06/12/24 0:30,06/12/24 1:12,Day 159
Reading,06/12/24 1:12,06/12/24 2:00,Day 159
Learning Mathematics,06/12/24 2:00,06/12/24 3:24,Day 159
Exercise,06/12/24 3:24,06/12/24 3:45,Day 159
Work,06/12/24 3:45,06/12/24 8:42,Day 159
Sleep,06/12/24 18:00,07/12/24 0:00,Day 159
Eating,07/12/24 0:00,07/12/24 0:29,Day 160
Learning Japanese,07/12/24 0:29,07/12/24 1:11,Day 160
Reading,07/12/24 1:11,07/12/24 2:00,Day 160
Learning Mathematics,07/12/24 2:00,07/12/24 3:12,Day 160
Work,07/12/24 3:12,07/12/24 6:00,Day 160
Exercise,07/12/24 6:00,07/12/24 6:30,Day 160
Sleep,07/12/24 18:00,08/12/24 0:00,Day 160
Eating,08/12/24 0:00,08/12/24 0:30,Day 161
Learning Japanese,08/12/24 0:30,08/12/24 1:12,Day 161
Reading,08/12/24 1:12,08/12/24 2:00,Day 161
Learning Mathematics,08/12/24 2:00,08/12/24 3:12,Day 161
Work,08/12/24 3:12,08/12/24 6:00,Day 161
Exercise,08/12/24 6:00,08/12/24 6:21,Day 161
Sleep,08/12/24 18:00,09/12/24 0:00,Day 161
Eating,09/12/24 0:00,09/12/24 0:30,Day 162
Reading,09/12/24 0:30,09/12/24 1:48,Day 162
Learning Japanese,09/12/24 1:48,09/12/24 2:30,Day 162
Exercise,09/12/24 2:30,09/12/24 2:51,Day 162
Learning Mathematics,09/12/24 2:51,09/12/24 4:30,Day 162
Work,09/12/24 4:30,09/12/24 10:30,Day 162
Sleep,09/12/24 18:00,10/12/24 0:00,Day 162
Eating,10/12/24 0:00,10/12/24 0:30,Day 163
Reading,10/12/24 0:30,10/12/24 1:48,Day 163
Learning Japanese,10/12/24 1:48,10/12/24 2:30,Day 163
Exercise,10/12/24 2:30,10/12/24 2:51,Day 163
Learning Mathematics,10/12/24 2:51,10/12/24 4:30,Day 163
Work,10/12/24 4:30,10/12/24 10:30,Day 163
Sleep,10/12/24 18:00,11/12/24 0:00,Day 163
Eating,11/12/24 0:00,11/12/24 0:30,Day 164
Learning Japanese,11/12/24 0:30,11/12/24 1:12,Day 164
Reading,11/12/24 1:12,11/12/24 2:00,Day 164
Learning Mathematics,11/12/24 2:00,11/12/24 3:12,Day 164
Work,11/12/24 3:12,11/12/24 6:00,Day 164
Exercise,11/12/24 6:00,11/12/24 6:30,Day 164
Sleep,11/12/24 18:00,12/12/24 0:00,Day 164
Eating,12/12/24 0:00,12/12/24 0:29,Day 165
Learning Japanese,12/12/24 0:29,12/12/24 1:11,Day 165
Reading,12/12/24 1:11,12/12/24 2:00,Day 165
Learning Mathematics,12/12/24 2:00,12/12/24 3:12,Day 165
Work,12/12/24 3:12,12/12/24 6:00,Day 165
Exercise,12/12/24 6:00,12/12/24 6:30,Day 165
Sleep,12/12/24 18:00,13/12/24 0:00,Day 165
Eating,13/12/24 0:00,13/12/24 0:30,Day 166
Reading,13/12/24 0:30,13/12/24 1:48,Day 166
Learning Japanese,13/12/24 1:48,13/12/24 2:30,Day 166
Exercise,13/12/24 2:30,13/12/24 2:51,Day 166
Learning Mathematics,13/12/24 2:51,13/12/24 4:30,Day 166
Work,13/12/24 4:30,13/12/24 10:30,Day 166
Sleep,13/12/24 18:00,14/12/24 0:00,Day 166
Eating,14/12/24 0:00,14/12/24 0:30,Day 167
Exercise,14/12/24 0:30,14/12/24 0:51,Day 167
Reading,14/12/24 0:51,14/12/24 1:48,Day 167
Learning Japanese,14/12/24 1:48,14/12/24 2:30,Day 167
Learning Mathematics,14/12/24 2:30,14/12/24 4:30,Day 167
Work,14/12/24 4:30,14/12/24 10:30,Day 167
Sleep,14/12/24 18:00,15/12/24 0:00,Day 167
Eating,15/12/24 0:00,15/12/24 0:29,Day 168
Learning Japanese,15/12/24 0:29,15/12/24 1:11,Day 168
Reading,15/12/24 1:11,15/12/24 2:00,Day 168
Learning Mathematics,15/12/24 2:00,15/12/24 3:12,Day 168
Work,15/12/24 3:12,15/12/24 6:00,Day 168
Exercise,15/12/24 6:00,15/12/24 6:21,Day 168
Sleep,15/12/24 18:00,16/12/24 0:00,Day 168
Eating,16/12/24 0:00,16/12/24 0:30,Day 169
Learning Japanese,16/12/24 0:30,16/12/24 1:12,Day 169
Reading,16/12/24 1:12,16/12/24 2:00,Day 169
Learning Mathematics,16/12/24 2:00,16/12/24 3:12,Day 169
Work,16/12/24 3:12,16/12/24 6:00,Day 169
Exercise,16/12/24 6:00,16/12/24 6:21,Day 169
Sleep,16/12/24 18:00,17/12/24 0:00,Day 169
Eating,17/12/24 0:00,17/12/24 0:30,Day 170
Reading,17/12/24 0:30,17/12/24 1:48,Day 170
Learning Japanese,17/12/24 1:48,17/12/24 2:30,Day 170
Exercise,17/12/24 2:30,17/12/24 2:51,Day 170
Learning Mathematics,17/12/24 2:51,17/12/24 4:30,Day 170
Work,17/12/24 4:30,17/12/24 10:30,Day 170
Sleep,17/12/24 18:00,18/12/24 0:00,Day 170
Eating,18/12/24 0:00,18/12/24 0:30,Day 171
Exercise,18/12/24 0:30,18/12/24 0:51,Day 171
Reading,18/12/24 0:51,18/12/24 1:48,Day 171
Learning Japanese,18/12/24 1:48,18/12/24 2:30,Day 171
Learning Mathematics,18/12/24 2:30,18/12/24 4:30,Day 171
Work,18/12/24 4:30,18/12/24 10:30,Day 171
Sleep,18/12/24 18:00,19/12/24 0:00,Day 171
Eating,19/12/24 0:00,19/12/24 0:20,Day 172
Learning Mathematics,19/12/24 0:20,19/12/24 1:02,Day 172
Learning Japanese,19/12/24 1:02,19/12/24 1:44,Day 172
Exercise,19/12/24 1:44,19/12/24 2:05,Day 172
Work,19/12/24 2:05,19/12/24 6:00,Day 172
Reading,19/12/24 6:00,19/12/24 8:00,Day 172
Sleep,19/12/24 18:00,20/12/24 0:00,Day 172
Eating,20/12/24 0:00,20/12/24 0:30,Day 173
Exercise,20/12/24 0:30,20/12/24 0:51,Day 173
Learning Japanese,20/12/24 0:51,20/12/24 1:33,Day 173
Reading,20/12/24 1:33,20/12/24 2:30,Day 173
Work,20/12/24 2:30,20/12/24 8:30,Day 173
Learning Mathematics,20/12/24 8:30,20/12/24 10:30,Day 173
Sleep,20/12/24 18:00,21/12/24 0:00,Day 173
Eating,21/12/24 0:00,21/12/24 0:30,Day 174
Exercise,21/12/24 0:30,21/12/24 0:51,Day 174
Learning Mathematics,21/12/24 0:51,21/12/24 1:33,Day 174
Learning Japanese,21/12/24 1:33,21/12/24 2:30,Day 174
Reading,21/12/24 2:30,21/12/24 4:30,Day 174
Work,21/12/24 4:30,21/12/24 8:30,Day 174
Sleep,21/12/24 18:00,22/12/24 0:00,Day 174
Eating,22/12/24 0:00,22/12/24 0:30,Day 175
Exercise,22/12/24 0:30,22/12/24 0:51,Day 175
Learning Japanese,22/12/24 0:51,22/12/24 1:33,Day 175
Reading,22/12/24 1:33,22/12/24 2:30,Day 175
Work,22/12/24 2:30,22/12/24 8:30,Day 175
Learning Mathematics,22/12/24 8:30,22/12/24 10:30,Day 175
Sleep,22/12/24 18:00,23/12/24 0:00,Day 175
Eating,23/12/24 0:00,23/12/24 0:30,Day 176
Exercise,23/12/24 0:30,23/12/24 0:51,Day 176
Learning Mathematics,23/12/24 0:51,23/12/24 1:33,Day 176
Learning Japanese,23/12/24 1:33,23/12/24 2:30,Day 176
Reading,23/12/24 2:30,23/12/24 4:30,Day 176
Work,23/12/24 4:30,23/12/24 8:30,Day 176
Sleep,23/12/24 18:00,24/12/24 0:00,Day 176
Eating,24/12/24 0:00,24/12/24 0:30,Day 177
Exercise,24/12/24 0:30,24/12/24 0:51,Day 177
Learning Japanese,24/12/24 0:51,24/12/24 1:33,Day 177
Reading,24/12/24 1:33,24/12/24 2:30,Day 177
Learning Mathematics,24/12/24 2:30,24/12/24 3:12,Day 177
Work,24/12/24 3:12,24/12/24 8:30,Day 177
Sleep,24/12/24 18:00,25/12/24 0:00,Day 177
Eating,25/12/24 0:00,25/12/24 0:30,Day 178
Exercise,25/12/24 0:30,25/12/24 0:51,Day 178
Learning Mathematics,25/12/24 0:51,25/12/24 1:33,Day 178
Learning Japanese,25/12/24 1:33,25/12/24 2:30,Day 178
Reading,25/12/24 2:30,25/12/24 4:30,Day 178
Work,25/12/24 4:30,25/12/24 8:30,Day 178
Sleep,25/12/24 18:00,26/12/24 0:00,Day 178
Eating,26/12/24 0:00,26/12/24 0:30,Day 179
Exercise,26/12/24 0:30,26/12/24 0:51,Day 179
Learning Japanese,26/12/24 0:51,26/12/24 1:33,Day 179
Reading,26/12/24 1:33,26/12/24 2:30,Day 179
Learning Mathematics,26/12/24 2:30,26/12/24 3:12,Day 179
Work,26/12/24 3:12,26/12/24 8:30,Day 179
Sleep,26/12/24 18:00,27/12/24 0:00,Day 179
Eating,27/12/24 0:00,27/12/24 0:30,Day 180
Exercise,27/12/24 0:30,27/12/24 0:51,Day 180
Learning Mathematics,27/12/24 0:51,27/12/24 1:33,Day 180
Learning Japanese,27/12/24 1:33,27/12/24 2:30,Day 180
Reading,27/12/24 2:30,27/12/24 4:30,Day 180
Work,27/12/24 4:30,27/12/24 8:30,Day 180
Sleep,27/12/24 18:00,28/12/24 0:00,Day 180
Eating,28/12/24 0:00,28/12/24 0:20,Day 181
Exercise,28/12/24 0:20,28/12/24 0:41,Day 181
Learning Japanese,28/12/24 0:41,28/12/24 1:23,Day 181
Learning Mathematics,28/12/24 1:23,28/12/24 2:20,Day 181
Reading,28/12/24 2:20,28/12/24 4:20,Day 181
Work,28/12/24 4:20,28/12/24 8:05,Day 181
Sleep,28/12/24 18:00,29/12/24 0:00,Day 181
Eating,29/12/24 0:00,29/12/24 0:30,Day 182
Exercise,29/12/24 0:30,29/12/24 0:51,Day 182
Learning Japanese,29/12/24 0:51,29/12/24 1:33,Day 182
Reading,29/12/24 1:33,29/12/24 2:30,Day 182
Learning Mathematics,29/12/24 2:30,29/12/24 4:30,Day 182
Work,29/12/24 4:30,29/12/24 8:30,Day 182
Sleep,29/12/24 18:00,30/12/24 0:00,Day 182
Eating,30/12/24 0:00,30/12/24 0:30,Day 183
Reading,30/12/24 0:30,30/12/24 1:48,Day 183
Learning Japanese,30/12/24 1:48,30/12/24 2:30,Day 183
Work,30/12/24 2:30,30/12/24 5:18,Day 183
Exercise,30/12/24 5:18,30/12/24 5:39,Day 183
Learning Mathematics,30/12/24 5:39,30/12/24 7:39,Day 183
Sleep,30/12/24 18:00,31/12/24 0:00,Day 183
Eating,31/12/24 0:00,31/12/24 0:30,Day 184
Exercise,31/12/24 0:30,31/12/24 0:51,Day 184
Learning Mathematics,31/12/24 0:51,31/12/24 1:33,Day 184
Learning Japanese,31/12/24 1:33,31/12/24 2:30,Day 184
Reading,31/12/24 2:30,31/12/24 4:24,Day 184
Work,31/12/24 4:24,31/12/24 7:12,Day 184
Sleep,31/12/24 18:00,01/01/25 0:00,Day 184